item,item_create,item_los,date
プレーン 2斤,27,0,2023/9/2
純生 2斤,21,0,2023/9/2
栗　1斤,31,0,2023/9/2
柚子一斤,0,0,2023/9/2
ホイップバター,8,0,2023/9/2
天使のクロワッサン,31,0,2023/9/2
塩トリュフクロワッサン,16,0,2023/9/2
チョコレートクロワッサン,12,0,2023/9/2
ストロベリークロワッサン,2,0,2023/9/2
ホワイトチョコクロワッサン,4,0,2023/9/2
アーモンドダマンドクロワッサン,9,0,2023/9/2
アールグレイダマンドクロワッサン,3,0,2023/9/2
ほうじ茶ダマンドクロワッサン,3,0,2023/9/2
カボチャサラダクロワッサン,2,0,2023/9/2
板チョコバタークロワッサン,0,0,2023/9/2
ソーセージクロワッサン,12,0,2023/9/2
パストラミクロワッサン,1,0,2023/9/2
生ハムクロワッサン,3,0,2023/9/2
レモンとピスタチオのクロワッサン,2,0,2023/9/2
ささみカツバーガー,8,0,2023/9/2
アラビアータバーガー,8,0,2023/9/2
照り焼きチキンバーガ,8,0,2023/9/2
明太マヨコロッケバー,3,0,2023/9/2
シーザーサラダバーガ,0,0,2023/9/2
ツナチェダーバーガー,3,0,2023/9/2
悪魔のカレーパン,19,0,2023/9/2
とうもろこしクロックムッシュ,10,0,2023/9/2
明太ペペロンチーノフランス,6,0,2023/9/2
明太チーズオムレツサンド,0,0,2023/9/2
トマトとリコッタのタルティーヌ,4,0,2023/9/2
チョリソーとキャベツのタルティーヌ,3,0,2023/9/2
シラスとキノコのタルティーヌ,4,0,2023/9/2
夏野菜とチーズのタルティーヌ,6,0,2023/9/2
あんバタートースト,11,0,2023/9/2
ベリーとクリームチーズのハニートースト,4,0,2023/9/2
カボチャのクリームパン,0,0,2023/9/2
きな粉とくるみのあんバター,0,0,2023/9/2
ボストック,0,0,2023/9/2
チョコマフィン,0,0,2023/9/2
レモンカスタードマフ,4,0,2023/9/2
ストロベリーマフィン,0,0,2023/9/2
シャインマスカットのフルーツパイ,8,0,2023/9/2
シナモンロール,4,0,2023/9/2
レモンアールグレイのクロッフィン,0,0,2023/9/2
シュガーラスク,9,0,2023/9/2
シナモンラスク,4,0,2023/9/2
チョコラスク,4,0,2023/9/2
ストロベリーラスク,0,0,2023/9/2
ホワイトラスク,2,0,2023/9/2
極上プリン カップtak,8,0,2023/9/2
ほうじ茶プリン カッ,4,0,2023/9/2
極上プリン　ビン　Ta,4,0,2023/9/2
フレンチトーストtake,5,0,2023/9/2
バスクチーズtake,1,0,2023/9/2
冷やしパンケーキ,15,0,2023/9/2
冷やしパンケーキ　8,1,0,2023/9/2
プレーン 2斤,27,0,2023/9/3
純生 2斤,20,0,2023/9/3
栗　1斤,29,0,2023/9/3
柚子一斤,0,0,2023/9/3
ホイップバター,15,0,2023/9/3
天使のクロワッサン,30,0,2023/9/3
塩トリュフクロワッサン,12,0,2023/9/3
チョコレートクロワッサン,20,0,2023/9/3
ストロベリークロワッサン,3,0,2023/9/3
ホワイトチョコクロワッサン,4,0,2023/9/3
アーモンドダマンドクロワッサン,10,0,2023/9/3
アールグレイダマンドクロワッサン,5,0,2023/9/3
ほうじ茶ダマンドクロワッサン,3,0,2023/9/3
カボチャサラダクロワッサン,2,0,2023/9/3
板チョコバタークロワッサン,0,0,2023/9/3
ソーセージクロワッサン,10,0,2023/9/3
パストラミクロワッサン,0,0,2023/9/3
生ハムクロワッサン,3,0,2023/9/3
レモンとピスタチオのクロワッサン,2,0,2023/9/3
ささみカツバーガー,8,0,2023/9/3
アラビアータバーガー,7,0,2023/9/3
照り焼きチキンバーガ,5,0,2023/9/3
明太マヨコロッケバー,3,0,2023/9/3
シーザーサラダバーガ,0,0,2023/9/3
ツナチェダーバーガー,3,0,2023/9/3
悪魔のカレーパン,26,0,2023/9/3
とうもろこしクロックムッシュ,10,0,2023/9/3
明太ペペロンチーノフランス,6,0,2023/9/3
明太チーズオムレツサンド,0,0,2023/9/3
トマトとリコッタのタルティーヌ,5,0,2023/9/3
チョリソーとキャベツのタルティーヌ,2,0,2023/9/3
シラスとキノコのタルティーヌ,4,0,2023/9/3
夏野菜とチーズのタルティーヌ,7,0,2023/9/3
あんバタートースト,11,0,2023/9/3
ベリーとクリームチーズのハニートースト,4,0,2023/9/3
カボチャのクリームパン,0,0,2023/9/3
きな粉とくるみのあんバター,0,0,2023/9/3
ボストック,0,0,2023/9/3
チョコマフィン,1,0,2023/9/3
レモンカスタードマフ,8,0,2023/9/3
ストロベリーマフィン,0,0,2023/9/3
シャインマスカットのフルーツパイ,9,0,2023/9/3
シナモンロール,4,0,2023/9/3
レモンアールグレイのクロッフィン,1,0,2023/9/3
シュガーラスク,1,0,2023/9/3
シナモンラスク,1,0,2023/9/3
チョコラスク,0,0,2023/9/3
ストロベリーラスク,0,0,2023/9/3
ホワイトラスク,0,0,2023/9/3
極上プリン カップtak,37,0,2023/9/3
ほうじ茶プリン カッ,10,0,2023/9/3
極上プリン　ビン　Ta,1,0,2023/9/3
フレンチトーストtake,4,0,2023/9/3
バスクチーズtake,7,0,2023/9/3
冷やしパンケーキ,19,0,2023/9/3
冷やしパンケーキ　8,0,0,2023/9/3
プレーン 2斤,13,0,2023/9/4
純生 2斤,14,0,2023/9/4
栗　1斤,22,0,2023/9/4
柚子一斤,0,0,2023/9/4
ホイップバター,11,0,2023/9/4
天使のクロワッサン,15,0,2023/9/4
塩トリュフクロワッサン,12,0,2023/9/4
チョコレートクロワッサン,11,0,2023/9/4
ストロベリークロワッサン,3,0,2023/9/4
ホワイトチョコクロワッサン,2,0,2023/9/4
アーモンドダマンドクロワッサン,5,0,2023/9/4
アールグレイダマンドクロワッサン,2,0,2023/9/4
ほうじ茶ダマンドクロワッサン,2,0,2023/9/4
カボチャサラダクロワッサン,0,0,2023/9/4
板チョコバタークロワッサン,0,0,2023/9/4
ソーセージクロワッサン,5,0,2023/9/4
パストラミクロワッサン,2,0,2023/9/4
生ハムクロワッサン,2,0,2023/9/4
レモンとピスタチオのクロワッサン,0,0,2023/9/4
ささみカツバーガー,3,0,2023/9/4
アラビアータバーガー,4,0,2023/9/4
照り焼きチキンバーガ,4,0,2023/9/4
明太マヨコロッケバー,0,0,2023/9/4
シーザーサラダバーガ,0,0,2023/9/4
ツナチェダーバーガー,2,0,2023/9/4
悪魔のカレーパン,12,0,2023/9/4
とうもろこしクロックムッシュ,8,0,2023/9/4
明太ペペロンチーノフランス,4,0,2023/9/4
明太チーズオムレツサンド,0,0,2023/9/4
トマトとリコッタのタルティーヌ,3,0,2023/9/4
チョリソーとキャベツのタルティーヌ,2,0,2023/9/4
シラスとキノコのタルティーヌ,2,0,2023/9/4
夏野菜とチーズのタルティーヌ,4,0,2023/9/4
あんバタートースト,6,0,2023/9/4
ベリーとクリームチーズのハニートースト,3,0,2023/9/4
カボチャのクリームパン,0,0,2023/9/4
きな粉とくるみのあんバター,0,0,2023/9/4
ボストック,0,0,2023/9/4
チョコマフィン,0,0,2023/9/4
レモンカスタードマフ,4,0,2023/9/4
ストロベリーマフィン,0,0,2023/9/4
シャインマスカットのフルーツパイ,8,0,2023/9/4
シナモンロール,2,0,2023/9/4
レモンアールグレイのクロッフィン,0,0,2023/9/4
シュガーラスク,3,0,2023/9/4
シナモンラスク,0,0,2023/9/4
チョコラスク,0,0,2023/9/4
ストロベリーラスク,0,0,2023/9/4
ホワイトラスク,0,0,2023/9/4
極上プリン カップtak,30,0,2023/9/4
ほうじ茶プリン カッ,1,0,2023/9/4
極上プリン　ビン　Ta,0,0,2023/9/4
フレンチトーストtake,3,0,2023/9/4
バスクチーズtake,5,0,2023/9/4
冷やしパンケーキ,10,0,2023/9/4
冷やしパンケーキ　8,1,0,2023/9/4
プレーン 2斤,19,0,2023/9/5
純生 2斤,8,0,2023/9/5
栗　1斤,19,0,2023/9/5
柚子一斤,0,0,2023/9/5
ホイップバター,6,0,2023/9/5
天使のクロワッサン,16,0,2023/9/5
塩トリュフクロワッサン,8,0,2023/9/5
チョコレートクロワッサン,9,0,2023/9/5
ストロベリークロワッサン,3,0,2023/9/5
ホワイトチョコクロワッサン,2,0,2023/9/5
アーモンドダマンドクロワッサン,6,0,2023/9/5
アールグレイダマンドクロワッサン,2,0,2023/9/5
ほうじ茶ダマンドクロワッサン,2,0,2023/9/5
カボチャサラダクロワッサン,1,0,2023/9/5
板チョコバタークロワッサン,0,0,2023/9/5
ソーセージクロワッサン,4,0,2023/9/5
パストラミクロワッサン,2,0,2023/9/5
生ハムクロワッサン,2,0,2023/9/5
レモンとピスタチオのクロワッサン,0,0,2023/9/5
ささみカツバーガー,3,0,2023/9/5
アラビアータバーガー,2,0,2023/9/5
照り焼きチキンバーガ,2,0,2023/9/5
明太マヨコロッケバー,2,0,2023/9/5
シーザーサラダバーガ,0,0,2023/9/5
ツナチェダーバーガー,2,0,2023/9/5
悪魔のカレーパン,8,0,2023/9/5
とうもろこしクロックムッシュ,7,0,2023/9/5
明太ペペロンチーノフランス,4,0,2023/9/5
明太チーズオムレツサンド,0,0,2023/9/5
トマトとリコッタのタルティーヌ,3,0,2023/9/5
チョリソーとキャベツのタルティーヌ,2,0,2023/9/5
シラスとキノコのタルティーヌ,2,0,2023/9/5
夏野菜とチーズのタルティーヌ,4,0,2023/9/5
あんバタートースト,6,0,2023/9/5
ベリーとクリームチーズのハニートースト,4,0,2023/9/5
カボチャのクリームパン,0,0,2023/9/5
きな粉とくるみのあんバター,0,0,2023/9/5
ボストック,0,0,2023/9/5
チョコマフィン,0,0,2023/9/5
レモンカスタードマフ,6,0,2023/9/5
ストロベリーマフィン,0,0,2023/9/5
シャインマスカットのフルーツパイ,1,0,2023/9/5
シナモンロール,4,0,2023/9/5
レモンアールグレイのクロッフィン,1,0,2023/9/5
シュガーラスク,0,0,2023/9/5
シナモンラスク,1,0,2023/9/5
チョコラスク,0,0,2023/9/5
ストロベリーラスク,4,0,2023/9/5
ホワイトラスク,0,0,2023/9/5
極上プリン カップtak,6,0,2023/9/5
ほうじ茶プリン カッ,1,0,2023/9/5
極上プリン　ビン　Ta,0,0,2023/9/5
フレンチトーストtake,0,0,2023/9/5
バスクチーズtake,1,0,2023/9/5
冷やしパンケーキ,5,0,2023/9/5
冷やしパンケーキ　8,0,0,2023/9/5
プレーン 2斤,19,0,2023/9/6
純生 2斤,15,0,2023/9/6
栗　1斤,23,0,2023/9/6
柚子一斤,0,0,2023/9/6
ホイップバター,9,0,2023/9/6
天使のクロワッサン,22,0,2023/9/6
塩トリュフクロワッサン,8,0,2023/9/6
チョコレートクロワッサン,12,0,2023/9/6
ストロベリークロワッサン,3,0,2023/9/6
ホワイトチョコクロワッサン,2,0,2023/9/6
アーモンドダマンドクロワッサン,6,0,2023/9/6
アールグレイダマンドクロワッサン,2,0,2023/9/6
ほうじ茶ダマンドクロワッサン,2,0,2023/9/6
カボチャサラダクロワッサン,2,0,2023/9/6
板チョコバタークロワッサン,0,0,2023/9/6
ソーセージクロワッサン,5,0,2023/9/6
パストラミクロワッサン,0,0,2023/9/6
生ハムクロワッサン,2,0,2023/9/6
レモンとピスタチオのクロワッサン,0,0,2023/9/6
ささみカツバーガー,2,0,2023/9/6
アラビアータバーガー,4,0,2023/9/6
照り焼きチキンバーガ,3,0,2023/9/6
明太マヨコロッケバー,2,0,2023/9/6
シーザーサラダバーガ,0,0,2023/9/6
ツナチェダーバーガー,2,0,2023/9/6
悪魔のカレーパン,12,0,2023/9/6
とうもろこしクロックムッシュ,8,0,2023/9/6
明太ペペロンチーノフランス,4,0,2023/9/6
明太チーズオムレツサンド,0,0,2023/9/6
トマトとリコッタのタルティーヌ,4,0,2023/9/6
チョリソーとキャベツのタルティーヌ,3,0,2023/9/6
シラスとキノコのタルティーヌ,3,0,2023/9/6
夏野菜とチーズのタルティーヌ,6,0,2023/9/6
あんバタートースト,6,0,2023/9/6
ベリーとクリームチーズのハニートースト,4,0,2023/9/6
カボチャのクリームパン,0,0,2023/9/6
きな粉とくるみのあんバター,0,0,2023/9/6
ボストック,0,0,2023/9/6
チョコマフィン,0,0,2023/9/6
レモンカスタードマフ,6,0,2023/9/6
ストロベリーマフィン,0,0,2023/9/6
シャインマスカットのフルーツパイ,7,0,2023/9/6
シナモンロール,3,0,2023/9/6
レモンアールグレイのクロッフィン,5,0,2023/9/6
シュガーラスク,0,0,2023/9/6
シナモンラスク,0,0,2023/9/6
チョコラスク,0,0,2023/9/6
ストロベリーラスク,0,0,2023/9/6
ホワイトラスク,1,0,2023/9/6
極上プリン カップtak,16,0,2023/9/6
ほうじ茶プリン カッ,3,0,2023/9/6
極上プリン　ビン　Ta,10,0,2023/9/6
フレンチトーストtake,4,0,2023/9/6
バスクチーズtake,6,0,2023/9/6
冷やしパンケーキ,16,0,2023/9/6
冷やしパンケーキ　8,1,0,2023/9/6
プレーン 2斤,11,0,2023/9/7
純生 2斤,16,0,2023/9/7
栗　1斤,21,0,2023/9/7
柚子一斤,0,0,2023/9/7
ホイップバター,4,0,2023/9/7
天使のクロワッサン,23,0,2023/9/7
塩トリュフクロワッサン,16,0,2023/9/7
チョコレートクロワッサン,12,0,2023/9/7
ストロベリークロワッサン,3,0,2023/9/7
ホワイトチョコクロワッサン,2,0,2023/9/7
アーモンドダマンドクロワッサン,6,0,2023/9/7
アールグレイダマンドクロワッサン,4,0,2023/9/7
ほうじ茶ダマンドクロワッサン,2,0,2023/9/7
カボチャサラダクロワッサン,3,0,2023/9/7
板チョコバタークロワッサン,0,0,2023/9/7
ソーセージクロワッサン,8,0,2023/9/7
パストラミクロワッサン,0,0,2023/9/7
生ハムクロワッサン,3,0,2023/9/7
レモンとピスタチオのクロワッサン,1,0,2023/9/7
ささみカツバーガー,5,0,2023/9/7
アラビアータバーガー,5,0,2023/9/7
照り焼きチキンバーガ,6,0,2023/9/7
明太マヨコロッケバー,3,0,2023/9/7
シーザーサラダバーガ,0,0,2023/9/7
ツナチェダーバーガー,2,0,2023/9/7
悪魔のカレーパン,12,0,2023/9/7
とうもろこしクロックムッシュ,8,0,2023/9/7
明太ペペロンチーノフランス,4,0,2023/9/7
明太チーズオムレツサンド,0,0,2023/9/7
トマトとリコッタのタルティーヌ,3,0,2023/9/7
チョリソーとキャベツのタルティーヌ,2,0,2023/9/7
シラスとキノコのタルティーヌ,3,0,2023/9/7
夏野菜とチーズのタルティーヌ,7,0,2023/9/7
あんバタートースト,6,0,2023/9/7
ベリーとクリームチーズのハニートースト,4,0,2023/9/7
カボチャのクリームパン,0,0,2023/9/7
きな粉とくるみのあんバター,0,0,2023/9/7
ボストック,0,0,2023/9/7
チョコマフィン,0,0,2023/9/7
レモンカスタードマフ,11,0,2023/9/7
ストロベリーマフィン,0,0,2023/9/7
シャインマスカットのフルーツパイ,8,0,2023/9/7
シナモンロール,4,0,2023/9/7
レモンアールグレイのクロッフィン,0,0,2023/9/7
シュガーラスク,4,0,2023/9/7
シナモンラスク,0,0,2023/9/7
チョコラスク,1,0,2023/9/7
ストロベリーラスク,0,0,2023/9/7
ホワイトラスク,0,0,2023/9/7
極上プリン カップtak,10,0,2023/9/7
ほうじ茶プリン カッ,1,0,2023/9/7
極上プリン　ビン　Ta,0,0,2023/9/7
フレンチトーストtake,1,0,2023/9/7
バスクチーズtake,3,0,2023/9/7
冷やしパンケーキ,6,0,2023/9/7
冷やしパンケーキ　8,0,0,2023/9/7
プレーン 2斤,0,0,2023/9/8
純生 2斤,0,0,2023/9/8
栗　1斤,0,0,2023/9/8
柚子一斤,0,0,2023/9/8
ホイップバター,0,0,2023/9/8
天使のクロワッサン,0,0,2023/9/8
塩トリュフクロワッサン,0,0,2023/9/8
チョコレートクロワッサン,0,0,2023/9/8
ストロベリークロワッサン,0,0,2023/9/8
ホワイトチョコクロワッサン,0,0,2023/9/8
アーモンドダマンドクロワッサン,0,0,2023/9/8
アールグレイダマンドクロワッサン,0,0,2023/9/8
ほうじ茶ダマンドクロワッサン,0,0,2023/9/8
カボチャサラダクロワッサン,0,0,2023/9/8
板チョコバタークロワッサン,0,0,2023/9/8
ソーセージクロワッサン,0,0,2023/9/8
パストラミクロワッサン,0,0,2023/9/8
生ハムクロワッサン,0,0,2023/9/8
レモンとピスタチオのクロワッサン,0,0,2023/9/8
ささみカツバーガー,0,0,2023/9/8
アラビアータバーガー,0,0,2023/9/8
照り焼きチキンバーガ,0,0,2023/9/8
明太マヨコロッケバー,0,0,2023/9/8
シーザーサラダバーガ,0,0,2023/9/8
ツナチェダーバーガー,0,0,2023/9/8
悪魔のカレーパン,0,0,2023/9/8
とうもろこしクロックムッシュ,0,0,2023/9/8
明太ペペロンチーノフランス,0,0,2023/9/8
明太チーズオムレツサンド,0,0,2023/9/8
トマトとリコッタのタルティーヌ,0,0,2023/9/8
チョリソーとキャベツのタルティーヌ,0,0,2023/9/8
シラスとキノコのタルティーヌ,0,0,2023/9/8
夏野菜とチーズのタルティーヌ,0,0,2023/9/8
あんバタートースト,0,0,2023/9/8
ベリーとクリームチーズのハニートースト,0,0,2023/9/8
カボチャのクリームパン,0,0,2023/9/8
きな粉とくるみのあんバター,0,0,2023/9/8
ボストック,0,0,2023/9/8
チョコマフィン,0,0,2023/9/8
レモンカスタードマフ,0,0,2023/9/8
ストロベリーマフィン,0,0,2023/9/8
シャインマスカットのフルーツパイ,0,0,2023/9/8
シナモンロール,0,0,2023/9/8
レモンアールグレイのクロッフィン,0,0,2023/9/8
シュガーラスク,0,0,2023/9/8
シナモンラスク,0,0,2023/9/8
チョコラスク,0,0,2023/9/8
ストロベリーラスク,0,0,2023/9/8
ホワイトラスク,0,0,2023/9/8
極上プリン カップtak,0,0,2023/9/8
ほうじ茶プリン カッ,0,0,2023/9/8
極上プリン　ビン　Ta,0,0,2023/9/8
フレンチトーストtake,0,0,2023/9/8
バスクチーズtake,0,0,2023/9/8
冷やしパンケーキ,0,0,2023/9/8
冷やしパンケーキ　8,0,0,2023/9/8
プレーン 2斤,30,0,2023/9/9
純生 2斤,17,0,2023/9/9
栗　1斤,26,0,2023/9/9
柚子一斤,0,0,2023/9/9
ホイップバター,10,0,2023/9/9
天使のクロワッサン,10,0,2023/9/9
塩トリュフクロワッサン,19,0,2023/9/9
チョコレートクロワッサン,16,0,2023/9/9
ストロベリークロワッサン,6,0,2023/9/9
ホワイトチョコクロワッサン,3,0,2023/9/9
アーモンドダマンドクロワッサン,10,0,2023/9/9
アールグレイダマンドクロワッサン,3,0,2023/9/9
ほうじ茶ダマンドクロワッサン,3,0,2023/9/9
カボチャサラダクロワッサン,1,0,2023/9/9
板チョコバタークロワッサン,0,0,2023/9/9
ソーセージクロワッサン,10,0,2023/9/9
パストラミクロワッサン,3,0,2023/9/9
生ハムクロワッサン,3,0,2023/9/9
レモンとピスタチオのクロワッサン,1,0,2023/9/9
ささみカツバーガー,8,0,2023/9/9
アラビアータバーガー,7,0,2023/9/9
照り焼きチキンバーガ,5,0,2023/9/9
明太マヨコロッケバー,3,0,2023/9/9
シーザーサラダバーガ,0,0,2023/9/9
ツナチェダーバーガー,0,0,2023/9/9
悪魔のカレーパン,19,0,2023/9/9
とうもろこしクロックムッシュ,11,0,2023/9/9
明太ペペロンチーノフランス,6,0,2023/9/9
明太チーズオムレツサンド,0,0,2023/9/9
トマトとリコッタのタルティーヌ,4,0,2023/9/9
チョリソーとキャベツのタルティーヌ,3,0,2023/9/9
シラスとキノコのタルティーヌ,4,0,2023/9/9
夏野菜とチーズのタルティーヌ,6,0,2023/9/9
あんバタートースト,12,0,2023/9/9
ベリーとクリームチーズのハニートースト,3,0,2023/9/9
カボチャのクリームパン,0,0,2023/9/9
きな粉とくるみのあんバター,0,0,2023/9/9
ボストック,0,0,2023/9/9
チョコマフィン,0,0,2023/9/9
レモンカスタードマフ,7,0,2023/9/9
ストロベリーマフィン,0,0,2023/9/9
シャインマスカットのフルーツパイ,8,0,2023/9/9
シナモンロール,4,0,2023/9/9
レモンアールグレイのクロッフィン,3,0,2023/9/9
シュガーラスク,6,0,2023/9/9
シナモンラスク,0,0,2023/9/9
チョコラスク,2,0,2023/9/9
ストロベリーラスク,0,0,2023/9/9
ホワイトラスク,2,0,2023/9/9
極上プリン カップtak,21,0,2023/9/9
ほうじ茶プリン カッ,3,0,2023/9/9
極上プリン　ビン　Ta,6,0,2023/9/9
フレンチトーストtake,0,0,2023/9/9
バスクチーズtake,7,0,2023/9/9
冷やしパンケーキ,13,0,2023/9/9
冷やしパンケーキ　8,0,0,2023/9/9
プレーン 2斤,21,0,2023/9/10
純生 2斤,18,0,2023/9/10
栗　1斤,25,0,2023/9/10
柚子一斤,0,0,2023/9/10
ホイップバター,11,0,2023/9/10
天使のクロワッサン,22,0,2023/9/10
塩トリュフクロワッサン,15,0,2023/9/10
チョコレートクロワッサン,16,0,2023/9/10
ストロベリークロワッサン,7,0,2023/9/10
ホワイトチョコクロワッサン,3,0,2023/9/10
アーモンドダマンドクロワッサン,10,0,2023/9/10
アールグレイダマンドクロワッサン,5,0,2023/9/10
ほうじ茶ダマンドクロワッサン,3,0,2023/9/10
カボチャサラダクロワッサン,1,0,2023/9/10
板チョコバタークロワッサン,0,0,2023/9/10
ソーセージクロワッサン,8,0,2023/9/10
パストラミクロワッサン,2,0,2023/9/10
生ハムクロワッサン,3,0,2023/9/10
レモンとピスタチオのクロワッサン,1,0,2023/9/10
ささみカツバーガー,0,0,2023/9/10
アラビアータバーガー,6,0,2023/9/10
照り焼きチキンバーガ,5,0,2023/9/10
明太マヨコロッケバー,4,0,2023/9/10
シーザーサラダバーガ,0,0,2023/9/10
ツナチェダーバーガー,0,0,2023/9/10
悪魔のカレーパン,22,0,2023/9/10
とうもろこしクロックムッシュ,10,0,2023/9/10
明太ペペロンチーノフランス,6,0,2023/9/10
明太チーズオムレツサンド,0,0,2023/9/10
トマトとリコッタのタルティーヌ,2,0,2023/9/10
チョリソーとキャベツのタルティーヌ,3,0,2023/9/10
シラスとキノコのタルティーヌ,4,0,2023/9/10
夏野菜とチーズのタルティーヌ,7,0,2023/9/10
あんバタートースト,5,0,2023/9/10
ベリーとクリームチーズのハニートースト,4,0,2023/9/10
カボチャのクリームパン,0,0,2023/9/10
きな粉とくるみのあんバター,0,0,2023/9/10
ボストック,0,0,2023/9/10
チョコマフィン,0,0,2023/9/10
レモンカスタードマフ,5,0,2023/9/10
ストロベリーマフィン,0,0,2023/9/10
シャインマスカットのフルーツパイ,7,0,2023/9/10
シナモンロール,2,0,2023/9/10
レモンアールグレイのクロッフィン,2,0,2023/9/10
シュガーラスク,2,0,2023/9/10
シナモンラスク,0,0,2023/9/10
チョコラスク,2,0,2023/9/10
ストロベリーラスク,0,0,2023/9/10
ホワイトラスク,2,0,2023/9/10
極上プリン カップtak,9,0,2023/9/10
ほうじ茶プリン カッ,7,0,2023/9/10
極上プリン　ビン　Ta,2,0,2023/9/10
フレンチトーストtake,0,0,2023/9/10
バスクチーズtake,8,0,2023/9/10
冷やしパンケーキ,11,0,2023/9/10
冷やしパンケーキ　8,0,0,2023/9/10
プレーン 2斤,18,0,2023/9/11
純生 2斤,11,0,2023/9/11
栗　1斤,21,0,2023/9/11
柚子一斤,0,0,2023/9/11
ホイップバター,6,0,2023/9/11
天使のクロワッサン,22,0,2023/9/11
塩トリュフクロワッサン,11,0,2023/9/11
チョコレートクロワッサン,7,0,2023/9/11
ストロベリークロワッサン,3,0,2023/9/11
ホワイトチョコクロワッサン,2,0,2023/9/11
アーモンドダマンドクロワッサン,7,0,2023/9/11
アールグレイダマンドクロワッサン,3,0,2023/9/11
ほうじ茶ダマンドクロワッサン,2,0,2023/9/11
カボチャサラダクロワッサン,2,0,2023/9/11
板チョコバタークロワッサン,0,0,2023/9/11
ソーセージクロワッサン,7,0,2023/9/11
パストラミクロワッサン,0,0,2023/9/11
生ハムクロワッサン,2,0,2023/9/11
レモンとピスタチオのクロワッサン,2,0,2023/9/11
ささみカツバーガー,4,0,2023/9/11
アラビアータバーガー,2,0,2023/9/11
照り焼きチキンバーガ,2,0,2023/9/11
明太マヨコロッケバー,3,0,2023/9/11
シーザーサラダバーガ,0,0,2023/9/11
ツナチェダーバーガー,0,0,2023/9/11
悪魔のカレーパン,7,0,2023/9/11
とうもろこしクロックムッシュ,8,0,2023/9/11
明太ペペロンチーノフランス,4,0,2023/9/11
明太チーズオムレツサンド,0,0,2023/9/11
トマトとリコッタのタルティーヌ,3,0,2023/9/11
チョリソーとキャベツのタルティーヌ,2,0,2023/9/11
シラスとキノコのタルティーヌ,2,0,2023/9/11
夏野菜とチーズのタルティーヌ,4,0,2023/9/11
あんバタートースト,3,0,2023/9/11
ベリーとクリームチーズのハニートースト,2,0,2023/9/11
カボチャのクリームパン,0,0,2023/9/11
きな粉とくるみのあんバター,0,0,2023/9/11
ボストック,0,0,2023/9/11
チョコマフィン,0,0,2023/9/11
レモンカスタードマフ,3,0,2023/9/11
ストロベリーマフィン,0,0,2023/9/11
シャインマスカットのフルーツパイ,6,0,2023/9/11
シナモンロール,2,0,2023/9/11
レモンアールグレイのクロッフィン,0,0,2023/9/11
シュガーラスク,2,0,2023/9/11
シナモンラスク,0,0,2023/9/11
チョコラスク,2,0,2023/9/11
ストロベリーラスク,0,0,2023/9/11
ホワイトラスク,1,0,2023/9/11
極上プリン カップtak,23,0,2023/9/11
ほうじ茶プリン カッ,2,0,2023/9/11
極上プリン　ビン　Ta,5,0,2023/9/11
フレンチトーストtake,0,0,2023/9/11
バスクチーズtake,2,0,2023/9/11
冷やしパンケーキ,8,0,2023/9/11
冷やしパンケーキ　8,0,0,2023/9/11
プレーン 2斤,10,0,2023/9/12
純生 2斤,19,0,2023/9/12
栗　1斤,24,0,2023/9/12
柚子一斤,0,0,2023/9/12
ホイップバター,7,0,2023/9/12
天使のクロワッサン,8,0,2023/9/12
塩トリュフクロワッサン,6,0,2023/9/12
チョコレートクロワッサン,6,0,2023/9/12
ストロベリークロワッサン,3,0,2023/9/12
ホワイトチョコクロワッサン,2,0,2023/9/12
アーモンドダマンドクロワッサン,6,0,2023/9/12
アールグレイダマンドクロワッサン,2,0,2023/9/12
ほうじ茶ダマンドクロワッサン,0,0,2023/9/12
カボチャサラダクロワッサン,0,0,2023/9/12
板チョコバタークロワッサン,0,0,2023/9/12
ソーセージクロワッサン,4,0,2023/9/12
パストラミクロワッサン,0,0,2023/9/12
生ハムクロワッサン,0,0,2023/9/12
レモンとピスタチオのクロワッサン,0,0,2023/9/12
ささみカツバーガー,3,0,2023/9/12
アラビアータバーガー,4,0,2023/9/12
照り焼きチキンバーガ,1,0,2023/9/12
明太マヨコロッケバー,1,0,2023/9/12
シーザーサラダバーガ,0,0,2023/9/12
ツナチェダーバーガー,0,0,2023/9/12
悪魔のカレーパン,7,0,2023/9/12
とうもろこしクロックムッシュ,7,0,2023/9/12
明太ペペロンチーノフランス,1,0,2023/9/12
明太チーズオムレツサンド,0,0,2023/9/12
トマトとリコッタのタルティーヌ,3,0,2023/9/12
チョリソーとキャベツのタルティーヌ,2,0,2023/9/12
シラスとキノコのタルティーヌ,2,0,2023/9/12
夏野菜とチーズのタルティーヌ,4,0,2023/9/12
あんバタートースト,5,0,2023/9/12
ベリーとクリームチーズのハニートースト,4,0,2023/9/12
カボチャのクリームパン,0,0,2023/9/12
きな粉とくるみのあんバター,0,0,2023/9/12
ボストック,0,0,2023/9/12
チョコマフィン,0,0,2023/9/12
レモンカスタードマフ,4,0,2023/9/12
ストロベリーマフィン,0,0,2023/9/12
シャインマスカットのフルーツパイ,3,0,2023/9/12
シナモンロール,2,0,2023/9/12
レモンアールグレイのクロッフィン,0,0,2023/9/12
シュガーラスク,1,0,2023/9/12
シナモンラスク,0,0,2023/9/12
チョコラスク,0,0,2023/9/12
ストロベリーラスク,0,0,2023/9/12
ホワイトラスク,0,0,2023/9/12
極上プリン カップtak,16,0,2023/9/12
ほうじ茶プリン カッ,4,0,2023/9/12
極上プリン　ビン　Ta,1,0,2023/9/12
フレンチトーストtake,9,0,2023/9/12
バスクチーズtake,1,0,2023/9/12
冷やしパンケーキ,17,0,2023/9/12
冷やしパンケーキ　8,0,0,2023/9/12
プレーン 2斤,27,0,2023/9/13
純生 2斤,15,0,2023/9/13
栗　1斤,0,0,2023/9/13
柚子一斤,0,0,2023/9/13
ホイップバター,15,0,2023/9/13
天使のクロワッサン,16,0,2023/9/13
塩トリュフクロワッサン,12,0,2023/9/13
チョコレートクロワッサン,5,0,2023/9/13
ストロベリークロワッサン,3,0,2023/9/13
ホワイトチョコクロワッサン,2,0,2023/9/13
アーモンドダマンドクロワッサン,7,0,2023/9/13
アールグレイダマンドクロワッサン,3,0,2023/9/13
ほうじ茶ダマンドクロワッサン,3,0,2023/9/13
カボチャサラダクロワッサン,1,0,2023/9/13
板チョコバタークロワッサン,0,0,2023/9/13
ソーセージクロワッサン,5,0,2023/9/13
パストラミクロワッサン,1,0,2023/9/13
生ハムクロワッサン,2,0,2023/9/13
レモンとピスタチオのクロワッサン,0,0,2023/9/13
ささみカツバーガー,4,0,2023/9/13
アラビアータバーガー,6,0,2023/9/13
照り焼きチキンバーガ,5,0,2023/9/13
明太マヨコロッケバー,1,0,2023/9/13
シーザーサラダバーガ,0,0,2023/9/13
ツナチェダーバーガー,2,0,2023/9/13
悪魔のカレーパン,0,0,2023/9/13
とうもろこしクロックムッシュ,8,0,2023/9/13
明太ペペロンチーノフランス,4,0,2023/9/13
明太チーズオムレツサンド,0,0,2023/9/13
トマトとリコッタのタルティーヌ,3,0,2023/9/13
チョリソーとキャベツのタルティーヌ,3,0,2023/9/13
シラスとキノコのタルティーヌ,3,0,2023/9/13
夏野菜とチーズのタルティーヌ,4,0,2023/9/13
あんバタートースト,8,0,2023/9/13
ベリーとクリームチーズのハニートースト,3,0,2023/9/13
カボチャのクリームパン,0,0,2023/9/13
きな粉とくるみのあんバター,0,0,2023/9/13
ボストック,0,0,2023/9/13
チョコマフィン,0,0,2023/9/13
レモンカスタードマフ,5,0,2023/9/13
ストロベリーマフィン,0,0,2023/9/13
シャインマスカットのフルーツパイ,8,0,2023/9/13
シナモンロール,3,0,2023/9/13
レモンアールグレイのクロッフィン,0,0,2023/9/13
シュガーラスク,3,0,2023/9/13
シナモンラスク,3,0,2023/9/13
チョコラスク,2,0,2023/9/13
ストロベリーラスク,0,0,2023/9/13
ホワイトラスク,0,0,2023/9/13
極上プリン カップtak,12,0,2023/9/13
ほうじ茶プリン カッ,4,0,2023/9/13
極上プリン　ビン　Ta,4,0,2023/9/13
フレンチトーストtake,3,0,2023/9/13
バスクチーズtake,1,0,2023/9/13
冷やしパンケーキ,4,0,2023/9/13
冷やしパンケーキ　8,0,0,2023/9/13
プレーン 2斤,19,0,2023/9/14
純生 2斤,12,0,2023/9/14
栗　1斤,11,0,2023/9/14
柚子一斤,3,0,2023/9/14
ホイップバター,4,0,2023/9/14
天使のクロワッサン,11,0,2023/9/14
塩トリュフクロワッサン,8,0,2023/9/14
チョコレートクロワッサン,7,0,2023/9/14
ストロベリークロワッサン,4,0,2023/9/14
ホワイトチョコクロワッサン,2,0,2023/9/14
アーモンドダマンドクロワッサン,4,0,2023/9/14
アールグレイダマンドクロワッサン,3,0,2023/9/14
ほうじ茶ダマンドクロワッサン,3,0,2023/9/14
カボチャサラダクロワッサン,2,0,2023/9/14
板チョコバタークロワッサン,0,0,2023/9/14
ソーセージクロワッサン,6,0,2023/9/14
パストラミクロワッサン,0,0,2023/9/14
生ハムクロワッサン,2,0,2023/9/14
レモンとピスタチオのクロワッサン,0,0,2023/9/14
ささみカツバーガー,4,0,2023/9/14
アラビアータバーガー,3,0,2023/9/14
照り焼きチキンバーガ,3,0,2023/9/14
明太マヨコロッケバー,1,0,2023/9/14
シーザーサラダバーガ,0,0,2023/9/14
ツナチェダーバーガー,3,0,2023/9/14
悪魔のカレーパン,8,0,2023/9/14
とうもろこしクロックムッシュ,7,0,2023/9/14
明太ペペロンチーノフランス,3,0,2023/9/14
明太チーズオムレツサンド,0,0,2023/9/14
トマトとリコッタのタルティーヌ,4,0,2023/9/14
チョリソーとキャベツのタルティーヌ,3,0,2023/9/14
シラスとキノコのタルティーヌ,4,0,2023/9/14
夏野菜とチーズのタルティーヌ,5,0,2023/9/14
あんバタートースト,4,0,2023/9/14
ベリーとクリームチーズのハニートースト,3,0,2023/9/14
カボチャのクリームパン,0,0,2023/9/14
きな粉とくるみのあんバター,0,0,2023/9/14
ボストック,3,0,2023/9/14
チョコマフィン,0,0,2023/9/14
レモンカスタードマフ,3,0,2023/9/14
ストロベリーマフィン,0,0,2023/9/14
シャインマスカットのフルーツパイ,2,0,2023/9/14
シナモンロール,3,0,2023/9/14
レモンアールグレイのクロッフィン,0,0,2023/9/14
シュガーラスク,1,0,2023/9/14
シナモンラスク,1,0,2023/9/14
チョコラスク,0,0,2023/9/14
ストロベリーラスク,0,0,2023/9/14
ホワイトラスク,2,0,2023/9/14
極上プリン カップtak,11,0,2023/9/14
ほうじ茶プリン カッ,3,0,2023/9/14
極上プリン　ビン　Ta,0,0,2023/9/14
フレンチトーストtake,1,0,2023/9/14
バスクチーズtake,1,0,2023/9/14
冷やしパンケーキ,8,0,2023/9/14
冷やしパンケーキ　8,0,0,2023/9/14
プレーン 2斤,25,0,2023/9/15
純生 2斤,15,0,2023/9/15
栗　1斤,19,0,2023/9/15
柚子一斤,4,0,2023/9/15
ホイップバター,7,0,2023/9/15
天使のクロワッサン,7,0,2023/9/15
塩トリュフクロワッサン,8,0,2023/9/15
チョコレートクロワッサン,6,0,2023/9/15
ストロベリークロワッサン,3,0,2023/9/15
ホワイトチョコクロワッサン,3,0,2023/9/15
アーモンドダマンドクロワッサン,6,0,2023/9/15
アールグレイダマンドクロワッサン,2,0,2023/9/15
ほうじ茶ダマンドクロワッサン,0,0,2023/9/15
カボチャサラダクロワッサン,3,0,2023/9/15
板チョコバタークロワッサン,0,0,2023/9/15
ソーセージクロワッサン,7,0,2023/9/15
パストラミクロワッサン,2,0,2023/9/15
生ハムクロワッサン,1,0,2023/9/15
レモンとピスタチオのクロワッサン,0,0,2023/9/15
ささみカツバーガー,3,0,2023/9/15
アラビアータバーガー,3,0,2023/9/15
照り焼きチキンバーガ,2,0,2023/9/15
明太マヨコロッケバー,0,0,2023/9/15
シーザーサラダバーガ,0,0,2023/9/15
ツナチェダーバーガー,3,0,2023/9/15
悪魔のカレーパン,11,0,2023/9/15
とうもろこしクロックムッシュ,6,0,2023/9/15
明太ペペロンチーノフランス,4,0,2023/9/15
明太チーズオムレツサンド,0,0,2023/9/15
トマトとリコッタのタルティーヌ,2,0,2023/9/15
チョリソーとキャベツのタルティーヌ,3,0,2023/9/15
シラスとキノコのタルティーヌ,2,0,2023/9/15
夏野菜とチーズのタルティーヌ,3,0,2023/9/15
あんバタートースト,4,0,2023/9/15
ベリーとクリームチーズのハニートースト,4,0,2023/9/15
カボチャのクリームパン,0,0,2023/9/15
きな粉とくるみのあんバター,0,0,2023/9/15
ボストック,6,0,2023/9/15
チョコマフィン,0,0,2023/9/15
レモンカスタードマフ,8,0,2023/9/15
ストロベリーマフィン,6,0,2023/9/15
シャインマスカットのフルーツパイ,7,0,2023/9/15
シナモンロール,3,0,2023/9/15
レモンアールグレイのクロッフィン,1,0,2023/9/15
シュガーラスク,1,0,2023/9/15
シナモンラスク,0,0,2023/9/15
チョコラスク,1,0,2023/9/15
ストロベリーラスク,0,0,2023/9/15
ホワイトラスク,1,0,2023/9/15
極上プリン カップtak,12,0,2023/9/15
ほうじ茶プリン カッ,3,0,2023/9/15
極上プリン　ビン　Ta,8,0,2023/9/15
フレンチトーストtake,2,0,2023/9/15
バスクチーズtake,3,0,2023/9/15
冷やしパンケーキ,8,0,2023/9/15
冷やしパンケーキ　8,0,0,2023/9/15
プレーン 2斤,26,0,2023/9/16
純生 2斤,17,0,2023/9/16
栗　1斤,17,0,2023/9/16
柚子一斤,7,0,2023/9/16
ホイップバター,14,0,2023/9/16
天使のクロワッサン,18,0,2023/9/16
塩トリュフクロワッサン,20,0,2023/9/16
チョコレートクロワッサン,12,0,2023/9/16
ストロベリークロワッサン,5,0,2023/9/16
ホワイトチョコクロワッサン,4,0,2023/9/16
アーモンドダマンドクロワッサン,10,0,2023/9/16
アールグレイダマンドクロワッサン,4,0,2023/9/16
ほうじ茶ダマンドクロワッサン,2,0,2023/9/16
カボチャサラダクロワッサン,1,0,2023/9/16
板チョコバタークロワッサン,0,0,2023/9/16
ソーセージクロワッサン,12,0,2023/9/16
パストラミクロワッサン,2,0,2023/9/16
生ハムクロワッサン,3,0,2023/9/16
レモンとピスタチオのクロワッサン,0,0,2023/9/16
ささみカツバーガー,7,0,2023/9/16
アラビアータバーガー,8,0,2023/9/16
照り焼きチキンバーガ,6,0,2023/9/16
明太マヨコロッケバー,4,0,2023/9/16
シーザーサラダバーガ,0,0,2023/9/16
ツナチェダーバーガー,1,0,2023/9/16
悪魔のカレーパン,22,0,2023/9/16
とうもろこしクロックムッシュ,11,0,2023/9/16
明太ペペロンチーノフランス,4,0,2023/9/16
明太チーズオムレツサンド,0,0,2023/9/16
トマトとリコッタのタルティーヌ,6,0,2023/9/16
チョリソーとキャベツのタルティーヌ,5,0,2023/9/16
シラスとキノコのタルティーヌ,4,0,2023/9/16
夏野菜とチーズのタルティーヌ,9,0,2023/9/16
あんバタートースト,8,0,2023/9/16
ベリーとクリームチーズのハニートースト,4,0,2023/9/16
カボチャのクリームパン,8,0,2023/9/16
きな粉とくるみのあんバター,0,0,2023/9/16
ボストック,7,0,2023/9/16
チョコマフィン,7,0,2023/9/16
レモンカスタードマフ,8,0,2023/9/16
ストロベリーマフィン,7,0,2023/9/16
シャインマスカットのフルーツパイ,12,0,2023/9/16
シナモンロール,4,0,2023/9/16
レモンアールグレイのクロッフィン,1,0,2023/9/16
シュガーラスク,1,0,2023/9/16
シナモンラスク,2,0,2023/9/16
チョコラスク,3,0,2023/9/16
ストロベリーラスク,2,0,2023/9/16
ホワイトラスク,0,0,2023/9/16
極上プリン カップtak,23,0,2023/9/16
ほうじ茶プリン カッ,3,0,2023/9/16
極上プリン　ビン　Ta,3,0,2023/9/16
フレンチトーストtake,1,0,2023/9/16
バスクチーズtake,3,0,2023/9/16
冷やしパンケーキ,19,0,2023/9/16
冷やしパンケーキ　8,0,0,2023/9/16
プレーン 2斤,30,0,2023/9/17
純生 2斤,22,0,2023/9/17
栗　1斤,23,0,2023/9/17
柚子一斤,8,0,2023/9/17
ホイップバター,11,0,2023/9/17
天使のクロワッサン,30,0,2023/9/17
塩トリュフクロワッサン,12,0,2023/9/17
チョコレートクロワッサン,21,0,2023/9/17
ストロベリークロワッサン,5,0,2023/9/17
ホワイトチョコクロワッサン,6,0,2023/9/17
アーモンドダマンドクロワッサン,7,0,2023/9/17
アールグレイダマンドクロワッサン,4,0,2023/9/17
ほうじ茶ダマンドクロワッサン,3,0,2023/9/17
カボチャサラダクロワッサン,2,0,2023/9/17
板チョコバタークロワッサン,0,0,2023/9/17
ソーセージクロワッサン,12,0,2023/9/17
パストラミクロワッサン,2,0,2023/9/17
生ハムクロワッサン,0,0,2023/9/17
レモンとピスタチオのクロワッサン,2,0,2023/9/17
ささみカツバーガー,6,0,2023/9/17
アラビアータバーガー,8,0,2023/9/17
照り焼きチキンバーガ,8,0,2023/9/17
明太マヨコロッケバー,2,0,2023/9/17
シーザーサラダバーガ,0,0,2023/9/17
ツナチェダーバーガー,3,0,2023/9/17
悪魔のカレーパン,19,0,2023/9/17
とうもろこしクロックムッシュ,12,0,2023/9/17
明太ペペロンチーノフランス,4,0,2023/9/17
明太チーズオムレツサンド,0,0,2023/9/17
トマトとリコッタのタルティーヌ,8,0,2023/9/17
チョリソーとキャベツのタルティーヌ,5,0,2023/9/17
シラスとキノコのタルティーヌ,4,0,2023/9/17
夏野菜とチーズのタルティーヌ,9,0,2023/9/17
あんバタートースト,9,0,2023/9/17
ベリーとクリームチーズのハニートースト,4,0,2023/9/17
カボチャのクリームパン,7,0,2023/9/17
きな粉とくるみのあんバター,0,0,2023/9/17
ボストック,0,0,2023/9/17
チョコマフィン,7,0,2023/9/17
レモンカスタードマフ,8,0,2023/9/17
ストロベリーマフィン,5,0,2023/9/17
シャインマスカットのフルーツパイ,12,0,2023/9/17
シナモンロール,0,0,2023/9/17
レモンアールグレイのクロッフィン,5,0,2023/9/17
シュガーラスク,4,0,2023/9/17
シナモンラスク,1,0,2023/9/17
チョコラスク,3,0,2023/9/17
ストロベリーラスク,2,0,2023/9/17
ホワイトラスク,4,0,2023/9/17
極上プリン カップtak,23,0,2023/9/17
ほうじ茶プリン カッ,7,0,2023/9/17
極上プリン　ビン　Ta,0,0,2023/9/17
フレンチトーストtake,6,0,2023/9/17
バスクチーズtake,0,0,2023/9/17
冷やしパンケーキ,9,0,2023/9/17
冷やしパンケーキ　8,0,0,2023/9/17
プレーン 2斤,16,0,2023/9/18
純生 2斤,17,0,2023/9/18
栗　1斤,25,0,2023/9/18
柚子一斤,8,0,2023/9/18
ホイップバター,7,0,2023/9/18
天使のクロワッサン,32,0,2023/9/18
塩トリュフクロワッサン,20,0,2023/9/18
チョコレートクロワッサン,12,0,2023/9/18
ストロベリークロワッサン,5,0,2023/9/18
ホワイトチョコクロワッサン,4,0,2023/9/18
アーモンドダマンドクロワッサン,8,0,2023/9/18
アールグレイダマンドクロワッサン,5,0,2023/9/18
ほうじ茶ダマンドクロワッサン,3,0,2023/9/18
カボチャサラダクロワッサン,1,0,2023/9/18
板チョコバタークロワッサン,0,0,2023/9/18
ソーセージクロワッサン,11,0,2023/9/18
パストラミクロワッサン,0,0,2023/9/18
生ハムクロワッサン,3,0,2023/9/18
レモンとピスタチオのクロワッサン,0,0,2023/9/18
ささみカツバーガー,5,0,2023/9/18
アラビアータバーガー,8,0,2023/9/18
照り焼きチキンバーガ,7,0,2023/9/18
明太マヨコロッケバー,2,0,2023/9/18
シーザーサラダバーガ,0,0,2023/9/18
ツナチェダーバーガー,2,0,2023/9/18
悪魔のカレーパン,16,0,2023/9/18
とうもろこしクロックムッシュ,10,0,2023/9/18
明太ペペロンチーノフランス,4,0,2023/9/18
明太チーズオムレツサンド,0,0,2023/9/18
トマトとリコッタのタルティーヌ,5,0,2023/9/18
チョリソーとキャベツのタルティーヌ,7,0,2023/9/18
シラスとキノコのタルティーヌ,3,0,2023/9/18
夏野菜とチーズのタルティーヌ,10,0,2023/9/18
あんバタートースト,11,0,2023/9/18
ベリーとクリームチーズのハニートースト,2,0,2023/9/18
カボチャのクリームパン,7,0,2023/9/18
きな粉とくるみのあんバター,0,0,2023/9/18
ボストック,0,0,2023/9/18
チョコマフィン,8,0,2023/9/18
レモンカスタードマフ,8,0,2023/9/18
ストロベリーマフィン,6,0,2023/9/18
シャインマスカットのフルーツパイ,12,0,2023/9/18
シナモンロール,3,0,2023/9/18
レモンアールグレイのクロッフィン,0,0,2023/9/18
シュガーラスク,0,0,2023/9/18
シナモンラスク,0,0,2023/9/18
チョコラスク,4,0,2023/9/18
ストロベリーラスク,2,0,2023/9/18
ホワイトラスク,0,0,2023/9/18
極上プリン カップtak,14,0,2023/9/18
ほうじ茶プリン カッ,7,0,2023/9/18
極上プリン　ビン　Ta,3,0,2023/9/18
フレンチトーストtake,1,0,2023/9/18
バスクチーズtake,2,0,2023/9/18
冷やしパンケーキ,3,0,2023/9/18
冷やしパンケーキ　8,0,0,2023/9/18
プレーン 2斤,15,0,2023/9/19
純生 2斤,15,0,2023/9/19
栗　1斤,15,0,2023/9/19
柚子一斤,7,0,2023/9/19
ホイップバター,7,0,2023/9/19
天使のクロワッサン,16,0,2023/9/19
塩トリュフクロワッサン,9,0,2023/9/19
チョコレートクロワッサン,12,0,2023/9/19
ストロベリークロワッサン,3,0,2023/9/19
ホワイトチョコクロワッサン,2,0,2023/9/19
アーモンドダマンドクロワッサン,8,0,2023/9/19
アールグレイダマンドクロワッサン,2,0,2023/9/19
ほうじ茶ダマンドクロワッサン,1,0,2023/9/19
カボチャサラダクロワッサン,2,0,2023/9/19
板チョコバタークロワッサン,0,0,2023/9/19
ソーセージクロワッサン,3,0,2023/9/19
パストラミクロワッサン,0,0,2023/9/19
生ハムクロワッサン,0,0,2023/9/19
レモンとピスタチオのクロワッサン,0,0,2023/9/19
ささみカツバーガー,0,0,2023/9/19
アラビアータバーガー,1,0,2023/9/19
照り焼きチキンバーガ,3,0,2023/9/19
明太マヨコロッケバー,2,0,2023/9/19
シーザーサラダバーガ,0,0,2023/9/19
ツナチェダーバーガー,0,0,2023/9/19
悪魔のカレーパン,6,0,2023/9/19
とうもろこしクロックムッシュ,5,0,2023/9/19
明太ペペロンチーノフランス,4,0,2023/9/19
明太チーズオムレツサンド,0,0,2023/9/19
トマトとリコッタのタルティーヌ,3,0,2023/9/19
チョリソーとキャベツのタルティーヌ,3,0,2023/9/19
シラスとキノコのタルティーヌ,3,0,2023/9/19
夏野菜とチーズのタルティーヌ,3,0,2023/9/19
あんバタートースト,0,0,2023/9/19
ベリーとクリームチーズのハニートースト,3,0,2023/9/19
カボチャのクリームパン,7,0,2023/9/19
きな粉とくるみのあんバター,0,0,2023/9/19
ボストック,0,0,2023/9/19
チョコマフィン,6,0,2023/9/19
レモンカスタードマフ,6,0,2023/9/19
ストロベリーマフィン,5,0,2023/9/19
シャインマスカットのフルーツパイ,7,0,2023/9/19
シナモンロール,2,0,2023/9/19
レモンアールグレイのクロッフィン,0,0,2023/9/19
シュガーラスク,0,0,2023/9/19
シナモンラスク,0,0,2023/9/19
チョコラスク,0,0,2023/9/19
ストロベリーラスク,0,0,2023/9/19
ホワイトラスク,0,0,2023/9/19
極上プリン カップtak,4,0,2023/9/19
ほうじ茶プリン カッ,2,0,2023/9/19
極上プリン　ビン　Ta,0,0,2023/9/19
フレンチトーストtake,1,0,2023/9/19
バスクチーズtake,0,0,2023/9/19
冷やしパンケーキ,0,0,2023/9/19
冷やしパンケーキ　8,0,0,2023/9/19
プレーン 2斤,20,0,2023/9/20
純生 2斤,16,0,2023/9/20
栗　1斤,15,0,2023/9/20
柚子一斤,5,0,2023/9/20
ホイップバター,3,0,2023/9/20
天使のクロワッサン,18,0,2023/9/20
塩トリュフクロワッサン,5,0,2023/9/20
チョコレートクロワッサン,7,0,2023/9/20
ストロベリークロワッサン,3,0,2023/9/20
ホワイトチョコクロワッサン,2,0,2023/9/20
アーモンドダマンドクロワッサン,6,0,2023/9/20
アールグレイダマンドクロワッサン,2,0,2023/9/20
ほうじ茶ダマンドクロワッサン,4,0,2023/9/20
カボチャサラダクロワッサン,2,0,2023/9/20
板チョコバタークロワッサン,0,0,2023/9/20
ソーセージクロワッサン,5,0,2023/9/20
パストラミクロワッサン,1,0,2023/9/20
生ハムクロワッサン,1,0,2023/9/20
レモンとピスタチオのクロワッサン,0,0,2023/9/20
ささみカツバーガー,2,0,2023/9/20
アラビアータバーガー,3,0,2023/9/20
照り焼きチキンバーガ,1,0,2023/9/20
明太マヨコロッケバー,2,0,2023/9/20
シーザーサラダバーガ,0,0,2023/9/20
ツナチェダーバーガー,1,0,2023/9/20
悪魔のカレーパン,12,0,2023/9/20
とうもろこしクロックムッシュ,8,0,2023/9/20
明太ペペロンチーノフランス,2,0,2023/9/20
明太チーズオムレツサンド,0,0,2023/9/20
トマトとリコッタのタルティーヌ,2,0,2023/9/20
チョリソーとキャベツのタルティーヌ,2,0,2023/9/20
シラスとキノコのタルティーヌ,2,0,2023/9/20
夏野菜とチーズのタルティーヌ,6,0,2023/9/20
あんバタートースト,0,0,2023/9/20
ベリーとクリームチーズのハニートースト,4,0,2023/9/20
カボチャのクリームパン,5,0,2023/9/20
きな粉とくるみのあんバター,0,0,2023/9/20
ボストック,0,0,2023/9/20
チョコマフィン,7,0,2023/9/20
レモンカスタードマフ,7,0,2023/9/20
ストロベリーマフィン,7,0,2023/9/20
シャインマスカットのフルーツパイ,3,0,2023/9/20
シナモンロール,1,0,2023/9/20
レモンアールグレイのクロッフィン,0,0,2023/9/20
シュガーラスク,1,0,2023/9/20
シナモンラスク,0,0,2023/9/20
チョコラスク,1,0,2023/9/20
ストロベリーラスク,0,0,2023/9/20
ホワイトラスク,0,0,2023/9/20
極上プリン カップtak,19,0,2023/9/20
ほうじ茶プリン カッ,5,0,2023/9/20
極上プリン　ビン　Ta,1,0,2023/9/20
フレンチトーストtake,3,0,2023/9/20
バスクチーズtake,5,0,2023/9/20
冷やしパンケーキ,0,0,2023/9/20
冷やしパンケーキ　8,0,0,2023/9/20
プレーン 2斤,8,0,2023/9/21
純生 2斤,12,0,2023/9/21
栗　1斤,17,0,2023/9/21
柚子一斤,5,0,2023/9/21
ホイップバター,6,0,2023/9/21
天使のクロワッサン,18,0,2023/9/21
塩トリュフクロワッサン,3,0,2023/9/21
チョコレートクロワッサン,13,0,2023/9/21
ストロベリークロワッサン,0,0,2023/9/21
ホワイトチョコクロワッサン,1,0,2023/9/21
アーモンドダマンドクロワッサン,5,0,2023/9/21
アールグレイダマンドクロワッサン,4,0,2023/9/21
ほうじ茶ダマンドクロワッサン,2,0,2023/9/21
カボチャサラダクロワッサン,0,0,2023/9/21
板チョコバタークロワッサン,0,0,2023/9/21
ソーセージクロワッサン,6,0,2023/9/21
パストラミクロワッサン,2,0,2023/9/21
生ハムクロワッサン,2,0,2023/9/21
レモンとピスタチオのクロワッサン,0,0,2023/9/21
ささみカツバーガー,4,0,2023/9/21
アラビアータバーガー,6,0,2023/9/21
照り焼きチキンバーガ,4,0,2023/9/21
明太マヨコロッケバー,2,0,2023/9/21
シーザーサラダバーガ,0,0,2023/9/21
ツナチェダーバーガー,2,0,2023/9/21
悪魔のカレーパン,12,0,2023/9/21
とうもろこしクロックムッシュ,7,0,2023/9/21
明太ペペロンチーノフランス,2,0,2023/9/21
明太チーズオムレツサンド,0,0,2023/9/21
トマトとリコッタのタルティーヌ,3,0,2023/9/21
チョリソーとキャベツのタルティーヌ,0,0,2023/9/21
シラスとキノコのタルティーヌ,2,0,2023/9/21
夏野菜とチーズのタルティーヌ,5,0,2023/9/21
あんバタートースト,3,0,2023/9/21
ベリーとクリームチーズのハニートースト,4,0,2023/9/21
カボチャのクリームパン,4,0,2023/9/21
きな粉とくるみのあんバター,0,0,2023/9/21
ボストック,0,0,2023/9/21
チョコマフィン,6,0,2023/9/21
レモンカスタードマフ,3,0,2023/9/21
ストロベリーマフィン,5,0,2023/9/21
シャインマスカットのフルーツパイ,6,0,2023/9/21
シナモンロール,1,0,2023/9/21
レモンアールグレイのクロッフィン,0,0,2023/9/21
シュガーラスク,2,0,2023/9/21
シナモンラスク,0,0,2023/9/21
チョコラスク,2,0,2023/9/21
ストロベリーラスク,0,0,2023/9/21
ホワイトラスク,0,0,2023/9/21
極上プリン カップtak,6,0,2023/9/21
ほうじ茶プリン カッ,2,0,2023/9/21
極上プリン　ビン　Ta,3,0,2023/9/21
フレンチトーストtake,2,0,2023/9/21
バスクチーズtake,1,0,2023/9/21
冷やしパンケーキ,0,0,2023/9/21
冷やしパンケーキ　8,0,0,2023/9/21
プレーン 2斤,26,0,2023/9/22
純生 2斤,11,0,2023/9/22
栗　1斤,14,0,2023/9/22
柚子一斤,3,0,2023/9/22
ホイップバター,9,0,2023/9/22
天使のクロワッサン,10,0,2023/9/22
塩トリュフクロワッサン,12,0,2023/9/22
チョコレートクロワッサン,8,0,2023/9/22
ストロベリークロワッサン,0,0,2023/9/22
ホワイトチョコクロワッサン,0,0,2023/9/22
アーモンドダマンドクロワッサン,6,0,2023/9/22
アールグレイダマンドクロワッサン,4,0,2023/9/22
ほうじ茶ダマンドクロワッサン,3,0,2023/9/22
カボチャサラダクロワッサン,2,0,2023/9/22
板チョコバタークロワッサン,0,0,2023/9/22
ソーセージクロワッサン,7,0,2023/9/22
パストラミクロワッサン,1,0,2023/9/22
生ハムクロワッサン,0,0,2023/9/22
レモンとピスタチオのクロワッサン,0,0,2023/9/22
ささみカツバーガー,2,0,2023/9/22
アラビアータバーガー,6,0,2023/9/22
照り焼きチキンバーガ,4,0,2023/9/22
明太マヨコロッケバー,2,0,2023/9/22
シーザーサラダバーガ,0,0,2023/9/22
ツナチェダーバーガー,2,0,2023/9/22
悪魔のカレーパン,10,0,2023/9/22
とうもろこしクロックムッシュ,8,0,2023/9/22
明太ペペロンチーノフランス,4,0,2023/9/22
明太チーズオムレツサンド,0,0,2023/9/22
トマトとリコッタのタルティーヌ,3,0,2023/9/22
チョリソーとキャベツのタルティーヌ,2,0,2023/9/22
シラスとキノコのタルティーヌ,2,0,2023/9/22
夏野菜とチーズのタルティーヌ,5,0,2023/9/22
あんバタートースト,6,0,2023/9/22
ベリーとクリームチーズのハニートースト,1,0,2023/9/22
カボチャのクリームパン,8,0,2023/9/22
きな粉とくるみのあんバター,0,0,2023/9/22
ボストック,0,0,2023/9/22
チョコマフィン,7,0,2023/9/22
レモンカスタードマフ,8,0,2023/9/22
ストロベリーマフィン,6,0,2023/9/22
シャインマスカットのフルーツパイ,8,0,2023/9/22
シナモンロール,3,0,2023/9/22
レモンアールグレイのクロッフィン,0,0,2023/9/22
シュガーラスク,3,0,2023/9/22
シナモンラスク,0,0,2023/9/22
チョコラスク,5,0,2023/9/22
ストロベリーラスク,3,0,2023/9/22
ホワイトラスク,0,0,2023/9/22
極上プリン カップtak,12,0,2023/9/22
ほうじ茶プリン カッ,0,0,2023/9/22
極上プリン　ビン　Ta,0,0,2023/9/22
フレンチトーストtake,8,0,2023/9/22
バスクチーズtake,5,0,2023/9/22
冷やしパンケーキ,0,0,2023/9/22
冷やしパンケーキ　8,0,0,2023/9/22
プレーン 2斤,30,0,2023/9/23
純生 2斤,20,0,2023/9/23
栗　1斤,16,0,2023/9/23
柚子一斤,8,0,2023/9/23
ホイップバター,5,0,2023/9/23
天使のクロワッサン,14,0,2023/9/23
塩トリュフクロワッサン,20,0,2023/9/23
チョコレートクロワッサン,14,0,2023/9/23
ストロベリークロワッサン,5,0,2023/9/23
ホワイトチョコクロワッサン,4,0,2023/9/23
アーモンドダマンドクロワッサン,9,0,2023/9/23
アールグレイダマンドクロワッサン,7,0,2023/9/23
ほうじ茶ダマンドクロワッサン,3,0,2023/9/23
カボチャサラダクロワッサン,2,0,2023/9/23
板チョコバタークロワッサン,8,0,2023/9/23
ソーセージクロワッサン,12,0,2023/9/23
パストラミクロワッサン,1,0,2023/9/23
生ハムクロワッサン,2,0,2023/9/23
レモンとピスタチオのクロワッサン,0,0,2023/9/23
ささみカツバーガー,8,0,2023/9/23
アラビアータバーガー,8,0,2023/9/23
照り焼きチキンバーガ,8,0,2023/9/23
明太マヨコロッケバー,4,0,2023/9/23
シーザーサラダバーガ,0,0,2023/9/23
ツナチェダーバーガー,3,0,2023/9/23
悪魔のカレーパン,20,0,2023/9/23
とうもろこしクロックムッシュ,10,0,2023/9/23
明太ペペロンチーノフランス,6,0,2023/9/23
明太チーズオムレツサンド,0,0,2023/9/23
トマトとリコッタのタルティーヌ,8,0,2023/9/23
チョリソーとキャベツのタルティーヌ,5,0,2023/9/23
シラスとキノコのタルティーヌ,5,0,2023/9/23
夏野菜とチーズのタルティーヌ,8,0,2023/9/23
あんバタートースト,5,0,2023/9/23
ベリーとクリームチーズのハニートースト,4,0,2023/9/23
カボチャのクリームパン,12,0,2023/9/23
きな粉とくるみのあんバター,0,0,2023/9/23
ボストック,0,0,2023/9/23
チョコマフィン,7,0,2023/9/23
レモンカスタードマフ,8,0,2023/9/23
ストロベリーマフィン,5,0,2023/9/23
シャインマスカットのフルーツパイ,11,0,2023/9/23
シナモンロール,4,0,2023/9/23
レモンアールグレイのクロッフィン,0,0,2023/9/23
シュガーラスク,0,0,2023/9/23
シナモンラスク,0,0,2023/9/23
チョコラスク,0,0,2023/9/23
ストロベリーラスク,0,0,2023/9/23
ホワイトラスク,0,0,2023/9/23
極上プリン カップtak,28,0,2023/9/23
ほうじ茶プリン カッ,10,0,2023/9/23
極上プリン　ビン　Ta,3,0,2023/9/23
フレンチトーストtake,6,0,2023/9/23
バスクチーズtake,2,0,2023/9/23
冷やしパンケーキ,0,0,2023/9/23
冷やしパンケーキ　8,0,0,2023/9/23
プレーン 2斤,30,0,2023/9/24
純生 2斤,14,0,2023/9/24
栗　1斤,22,0,2023/9/24
柚子一斤,5,0,2023/9/24
ホイップバター,11,0,2023/9/24
天使のクロワッサン,28,0,2023/9/24
塩トリュフクロワッサン,12,0,2023/9/24
チョコレートクロワッサン,10,0,2023/9/24
ストロベリークロワッサン,4,0,2023/9/24
ホワイトチョコクロワッサン,4,0,2023/9/24
アーモンドダマンドクロワッサン,2,0,2023/9/24
アールグレイダマンドクロワッサン,3,0,2023/9/24
ほうじ茶ダマンドクロワッサン,4,0,2023/9/24
カボチャサラダクロワッサン,2,0,2023/9/24
板チョコバタークロワッサン,3,0,2023/9/24
ソーセージクロワッサン,10,0,2023/9/24
パストラミクロワッサン,2,0,2023/9/24
生ハムクロワッサン,2,0,2023/9/24
レモンとピスタチオのクロワッサン,0,0,2023/9/24
ささみカツバーガー,8,0,2023/9/24
アラビアータバーガー,8,0,2023/9/24
照り焼きチキンバーガ,8,0,2023/9/24
明太マヨコロッケバー,3,0,2023/9/24
シーザーサラダバーガ,0,0,2023/9/24
ツナチェダーバーガー,3,0,2023/9/24
悪魔のカレーパン,18,0,2023/9/24
とうもろこしクロックムッシュ,10,0,2023/9/24
明太ペペロンチーノフランス,6,0,2023/9/24
明太チーズオムレツサンド,0,0,2023/9/24
トマトとリコッタのタルティーヌ,8,0,2023/9/24
チョリソーとキャベツのタルティーヌ,4,0,2023/9/24
シラスとキノコのタルティーヌ,5,0,2023/9/24
夏野菜とチーズのタルティーヌ,4,0,2023/9/24
あんバタートースト,3,0,2023/9/24
ベリーとクリームチーズのハニートースト,6,0,2023/9/24
カボチャのクリームパン,6,0,2023/9/24
きな粉とくるみのあんバター,10,0,2023/9/24
ボストック,0,0,2023/9/24
チョコマフィン,7,0,2023/9/24
レモンカスタードマフ,8,0,2023/9/24
ストロベリーマフィン,5,0,2023/9/24
シャインマスカットのフルーツパイ,10,0,2023/9/24
シナモンロール,3,0,2023/9/24
レモンアールグレイのクロッフィン,0,0,2023/9/24
シュガーラスク,1,0,2023/9/24
シナモンラスク,0,0,2023/9/24
チョコラスク,0,0,2023/9/24
ストロベリーラスク,1,0,2023/9/24
ホワイトラスク,0,0,2023/9/24
極上プリン カップtak,18,0,2023/9/24
ほうじ茶プリン カッ,6,0,2023/9/24
極上プリン　ビン　Ta,5,0,2023/9/24
フレンチトーストtake,4,0,2023/9/24
バスクチーズtake,5,0,2023/9/24
冷やしパンケーキ,0,0,2023/9/24
冷やしパンケーキ　8,0,0,2023/9/24
プレーン 2斤,16,0,2023/9/25
純生 2斤,12,0,2023/9/25
栗　1斤,19,0,2023/9/25
柚子一斤,8,0,2023/9/25
ホイップバター,7,0,2023/9/25
天使のクロワッサン,18,0,2023/9/25
塩トリュフクロワッサン,8,0,2023/9/25
チョコレートクロワッサン,8,0,2023/9/25
ストロベリークロワッサン,3,0,2023/9/25
ホワイトチョコクロワッサン,2,0,2023/9/25
アーモンドダマンドクロワッサン,10,0,2023/9/25
アールグレイダマンドクロワッサン,3,0,2023/9/25
ほうじ茶ダマンドクロワッサン,1,0,2023/9/25
カボチャサラダクロワッサン,2,0,2023/9/25
板チョコバタークロワッサン,5,0,2023/9/25
ソーセージクロワッサン,7,0,2023/9/25
パストラミクロワッサン,0,0,2023/9/25
生ハムクロワッサン,1,0,2023/9/25
レモンとピスタチオのクロワッサン,0,0,2023/9/25
ささみカツバーガー,3,0,2023/9/25
アラビアータバーガー,4,0,2023/9/25
照り焼きチキンバーガ,2,0,2023/9/25
明太マヨコロッケバー,2,0,2023/9/25
シーザーサラダバーガ,0,0,2023/9/25
ツナチェダーバーガー,2,0,2023/9/25
悪魔のカレーパン,11,0,2023/9/25
とうもろこしクロックムッシュ,8,0,2023/9/25
明太ペペロンチーノフランス,4,0,2023/9/25
明太チーズオムレツサンド,0,0,2023/9/25
トマトとリコッタのタルティーヌ,3,0,2023/9/25
チョリソーとキャベツのタルティーヌ,2,0,2023/9/25
シラスとキノコのタルティーヌ,2,0,2023/9/25
夏野菜とチーズのタルティーヌ,4,0,2023/9/25
あんバタートースト,2,0,2023/9/25
ベリーとクリームチーズのハニートースト,4,0,2023/9/25
カボチャのクリームパン,5,0,2023/9/25
きな粉とくるみのあんバター,0,0,2023/9/25
ボストック,7,0,2023/9/25
チョコマフィン,7,0,2023/9/25
レモンカスタードマフ,6,0,2023/9/25
ストロベリーマフィン,7,0,2023/9/25
シャインマスカットのフルーツパイ,8,0,2023/9/25
シナモンロール,3,0,2023/9/25
レモンアールグレイのクロッフィン,0,0,2023/9/25
シュガーラスク,2,0,2023/9/25
シナモンラスク,0,0,2023/9/25
チョコラスク,4,0,2023/9/25
ストロベリーラスク,1,0,2023/9/25
ホワイトラスク,0,0,2023/9/25
極上プリン カップtak,17,0,2023/9/25
ほうじ茶プリン カッ,3,0,2023/9/25
極上プリン　ビン　Ta,1,0,2023/9/25
フレンチトーストtake,3,0,2023/9/25
バスクチーズtake,9,0,2023/9/25
冷やしパンケーキ,0,0,2023/9/25
冷やしパンケーキ　8,0,0,2023/9/25
プレーン 2斤,5,0,2023/9/26
純生 2斤,9,0,2023/9/26
栗　1斤,15,0,2023/9/26
柚子一斤,4,0,2023/9/26
ホイップバター,6,0,2023/9/26
天使のクロワッサン,15,0,2023/9/26
塩トリュフクロワッサン,9,0,2023/9/26
チョコレートクロワッサン,10,0,2023/9/26
ストロベリークロワッサン,2,0,2023/9/26
ホワイトチョコクロワッサン,2,0,2023/9/26
アーモンドダマンドクロワッサン,5,0,2023/9/26
アールグレイダマンドクロワッサン,3,0,2023/9/26
ほうじ茶ダマンドクロワッサン,2,0,2023/9/26
カボチャサラダクロワッサン,0,0,2023/9/26
板チョコバタークロワッサン,3,0,2023/9/26
ソーセージクロワッサン,5,0,2023/9/26
パストラミクロワッサン,1,0,2023/9/26
生ハムクロワッサン,1,0,2023/9/26
レモンとピスタチオのクロワッサン,0,0,2023/9/26
ささみカツバーガー,3,0,2023/9/26
アラビアータバーガー,2,0,2023/9/26
照り焼きチキンバーガ,1,0,2023/9/26
明太マヨコロッケバー,3,0,2023/9/26
シーザーサラダバーガ,0,0,2023/9/26
ツナチェダーバーガー,3,0,2023/9/26
悪魔のカレーパン,10,0,2023/9/26
とうもろこしクロックムッシュ,8,0,2023/9/26
明太ペペロンチーノフランス,2,0,2023/9/26
明太チーズオムレツサンド,0,0,2023/9/26
トマトとリコッタのタルティーヌ,3,0,2023/9/26
チョリソーとキャベツのタルティーヌ,2,0,2023/9/26
シラスとキノコのタルティーヌ,2,0,2023/9/26
夏野菜とチーズのタルティーヌ,4,0,2023/9/26
あんバタートースト,0,0,2023/9/26
ベリーとクリームチーズのハニートースト,0,0,2023/9/26
カボチャのクリームパン,2,0,2023/9/26
きな粉とくるみのあんバター,9,0,2023/9/26
ボストック,0,0,2023/9/26
チョコマフィン,6,0,2023/9/26
レモンカスタードマフ,6,0,2023/9/26
ストロベリーマフィン,2,0,2023/9/26
シャインマスカットのフルーツパイ,3,0,2023/9/26
シナモンロール,1,0,2023/9/26
レモンアールグレイのクロッフィン,0,0,2023/9/26
シュガーラスク,0,0,2023/9/26
シナモンラスク,0,0,2023/9/26
チョコラスク,0,0,2023/9/26
ストロベリーラスク,0,0,2023/9/26
ホワイトラスク,0,0,2023/9/26
極上プリン カップtak,10,0,2023/9/26
ほうじ茶プリン カッ,3,0,2023/9/26
極上プリン　ビン　Ta,0,0,2023/9/26
フレンチトーストtake,5,0,2023/9/26
バスクチーズtake,2,0,2023/9/26
冷やしパンケーキ,0,0,2023/9/26
冷やしパンケーキ　8,0,0,2023/9/26
プレーン 2斤,20,0,2023/9/27
純生 2斤,11,0,2023/9/27
栗　1斤,22,0,2023/9/27
柚子一斤,3,0,2023/9/27
ホイップバター,9,0,2023/9/27
天使のクロワッサン,11,0,2023/9/27
塩トリュフクロワッサン,12,0,2023/9/27
チョコレートクロワッサン,11,0,2023/9/27
ストロベリークロワッサン,4,0,2023/9/27
ホワイトチョコクロワッサン,1,0,2023/9/27
アーモンドダマンドクロワッサン,5,0,2023/9/27
アールグレイダマンドクロワッサン,6,0,2023/9/27
ほうじ茶ダマンドクロワッサン,0,0,2023/9/27
カボチャサラダクロワッサン,0,0,2023/9/27
板チョコバタークロワッサン,8,0,2023/9/27
ソーセージクロワッサン,7,0,2023/9/27
パストラミクロワッサン,2,0,2023/9/27
生ハムクロワッサン,2,0,2023/9/27
レモンとピスタチオのクロワッサン,0,0,2023/9/27
ささみカツバーガー,4,0,2023/9/27
アラビアータバーガー,6,0,2023/9/27
照り焼きチキンバーガ,2,0,2023/9/27
明太マヨコロッケバー,2,0,2023/9/27
シーザーサラダバーガ,0,0,2023/9/27
ツナチェダーバーガー,1,0,2023/9/27
悪魔のカレーパン,12,0,2023/9/27
とうもろこしクロックムッシュ,7,0,2023/9/27
明太ペペロンチーノフランス,4,0,2023/9/27
明太チーズオムレツサンド,0,0,2023/9/27
トマトとリコッタのタルティーヌ,4,0,2023/9/27
チョリソーとキャベツのタルティーヌ,3,0,2023/9/27
シラスとキノコのタルティーヌ,3,0,2023/9/27
夏野菜とチーズのタルティーヌ,6,0,2023/9/27
あんバタートースト,0,0,2023/9/27
ベリーとクリームチーズのハニートースト,0,0,2023/9/27
カボチャのクリームパン,6,0,2023/9/27
きな粉とくるみのあんバター,8,0,2023/9/27
ボストック,3,0,2023/9/27
チョコマフィン,7,0,2023/9/27
レモンカスタードマフ,6,0,2023/9/27
ストロベリーマフィン,1,0,2023/9/27
シャインマスカットのフルーツパイ,7,0,2023/9/27
シナモンロール,3,0,2023/9/27
レモンアールグレイのクロッフィン,0,0,2023/9/27
シュガーラスク,4,0,2023/9/27
シナモンラスク,0,0,2023/9/27
チョコラスク,0,0,2023/9/27
ストロベリーラスク,0,0,2023/9/27
ホワイトラスク,0,0,2023/9/27
極上プリン カップtak,13,0,2023/9/27
ほうじ茶プリン カッ,3,0,2023/9/27
極上プリン　ビン　Ta,0,0,2023/9/27
フレンチトーストtake,5,0,2023/9/27
バスクチーズtake,2,0,2023/9/27
冷やしパンケーキ,0,0,2023/9/27
冷やしパンケーキ　8,0,0,2023/9/27
プレーン 2斤,14,0,2023/9/28
純生 2斤,13,0,2023/9/28
栗　1斤,15,0,2023/9/28
柚子一斤,8,0,2023/9/28
ホイップバター,2,0,2023/9/28
天使のクロワッサン,12,0,2023/9/28
塩トリュフクロワッサン,8,0,2023/9/28
チョコレートクロワッサン,12,0,2023/9/28
ストロベリークロワッサン,4,0,2023/9/28
ホワイトチョコクロワッサン,4,0,2023/9/28
アーモンドダマンドクロワッサン,3,0,2023/9/28
アールグレイダマンドクロワッサン,7,0,2023/9/28
ほうじ茶ダマンドクロワッサン,3,0,2023/9/28
カボチャサラダクロワッサン,0,0,2023/9/28
板チョコバタークロワッサン,8,0,2023/9/28
ソーセージクロワッサン,8,0,2023/9/28
パストラミクロワッサン,1,0,2023/9/28
生ハムクロワッサン,2,0,2023/9/28
レモンとピスタチオのクロワッサン,0,0,2023/9/28
ささみカツバーガー,5,0,2023/9/28
アラビアータバーガー,5,0,2023/9/28
照り焼きチキンバーガ,5,0,2023/9/28
明太マヨコロッケバー,2,0,2023/9/28
シーザーサラダバーガ,0,0,2023/9/28
ツナチェダーバーガー,3,0,2023/9/28
悪魔のカレーパン,12,0,2023/9/28
とうもろこしクロックムッシュ,6,0,2023/9/28
明太ペペロンチーノフランス,4,0,2023/9/28
明太チーズオムレツサンド,0,0,2023/9/28
トマトとリコッタのタルティーヌ,3,0,2023/9/28
チョリソーとキャベツのタルティーヌ,2,0,2023/9/28
シラスとキノコのタルティーヌ,0,0,2023/9/28
夏野菜とチーズのタルティーヌ,4,0,2023/9/28
あんバタートースト,2,0,2023/9/28
ベリーとクリームチーズのハニートースト,1,0,2023/9/28
カボチャのクリームパン,4,0,2023/9/28
きな粉とくるみのあんバター,7,0,2023/9/28
ボストック,6,0,2023/9/28
チョコマフィン,9,0,2023/9/28
レモンカスタードマフ,6,0,2023/9/28
ストロベリーマフィン,5,0,2023/9/28
シャインマスカットのフルーツパイ,6,0,2023/9/28
シナモンロール,3,0,2023/9/28
レモンアールグレイのクロッフィン,0,0,2023/9/28
シュガーラスク,2,0,2023/9/28
シナモンラスク,0,0,2023/9/28
チョコラスク,0,0,2023/9/28
ストロベリーラスク,0,0,2023/9/28
ホワイトラスク,0,0,2023/9/28
極上プリン カップtak,21,0,2023/9/28
ほうじ茶プリン カッ,7,0,2023/9/28
極上プリン　ビン　Ta,3,0,2023/9/28
フレンチトーストtake,3,0,2023/9/28
バスクチーズtake,5,0,2023/9/28
冷やしパンケーキ,0,0,2023/9/28
冷やしパンケーキ　8,0,0,2023/9/28
プレーン 2斤,20,0,2023/9/29
純生 2斤,16,0,2023/9/29
栗　1斤,15,0,2023/9/29
柚子一斤,5,0,2023/9/29
ホイップバター,12,0,2023/9/29
天使のクロワッサン,12,0,2023/9/29
塩トリュフクロワッサン,7,0,2023/9/29
チョコレートクロワッサン,7,0,2023/9/29
ストロベリークロワッサン,4,0,2023/9/29
ホワイトチョコクロワッサン,1,0,2023/9/29
アーモンドダマンドクロワッサン,2,0,2023/9/29
アールグレイダマンドクロワッサン,6,0,2023/9/29
ほうじ茶ダマンドクロワッサン,2,0,2023/9/29
カボチャサラダクロワッサン,1,0,2023/9/29
板チョコバタークロワッサン,3,0,2023/9/29
ソーセージクロワッサン,7,0,2023/9/29
パストラミクロワッサン,0,0,2023/9/29
生ハムクロワッサン,0,0,2023/9/29
レモンとピスタチオのクロワッサン,0,0,2023/9/29
ささみカツバーガー,2,0,2023/9/29
アラビアータバーガー,6,0,2023/9/29
照り焼きチキンバーガ,6,0,2023/9/29
明太マヨコロッケバー,2,0,2023/9/29
シーザーサラダバーガ,0,0,2023/9/29
ツナチェダーバーガー,1,0,2023/9/29
悪魔のカレーパン,10,0,2023/9/29
とうもろこしクロックムッシュ,8,0,2023/9/29
明太ペペロンチーノフランス,4,0,2023/9/29
明太チーズオムレツサンド,0,0,2023/9/29
トマトとリコッタのタルティーヌ,4,0,2023/9/29
チョリソーとキャベツのタルティーヌ,2,0,2023/9/29
シラスとキノコのタルティーヌ,2,0,2023/9/29
夏野菜とチーズのタルティーヌ,2,0,2023/9/29
あんバタートースト,0,0,2023/9/29
ベリーとクリームチーズのハニートースト,3,0,2023/9/29
カボチャのクリームパン,8,0,2023/9/29
きな粉とくるみのあんバター,6,0,2023/9/29
ボストック,2,0,2023/9/29
チョコマフィン,6,0,2023/9/29
レモンカスタードマフ,6,0,2023/9/29
ストロベリーマフィン,2,0,2023/9/29
シャインマスカットのフルーツパイ,8,0,2023/9/29
シナモンロール,3,0,2023/9/29
レモンアールグレイのクロッフィン,0,0,2023/9/29
シュガーラスク,1,0,2023/9/29
シナモンラスク,0,0,2023/9/29
チョコラスク,0,0,2023/9/29
ストロベリーラスク,0,0,2023/9/29
ホワイトラスク,0,0,2023/9/29
極上プリン カップtak,11,0,2023/9/29
ほうじ茶プリン カッ,3,0,2023/9/29
極上プリン　ビン　Ta,2,0,2023/9/29
フレンチトーストtake,7,0,2023/9/29
バスクチーズtake,3,0,2023/9/29
冷やしパンケーキ,0,0,2023/9/29
冷やしパンケーキ　8,0,0,2023/9/29
プレーン 2斤,17,0,2023/9/30
純生 2斤,17,0,2023/9/30
栗　1斤,17,0,2023/9/30
柚子一斤,7,0,2023/9/30
ホイップバター,18,0,2023/9/30
天使のクロワッサン,12,0,2023/9/30
塩トリュフクロワッサン,19,0,2023/9/30
チョコレートクロワッサン,12,0,2023/9/30
ストロベリークロワッサン,4,0,2023/9/30
ホワイトチョコクロワッサン,4,0,2023/9/30
アーモンドダマンドクロワッサン,9,0,2023/9/30
アールグレイダマンドクロワッサン,6,0,2023/9/30
ほうじ茶ダマンドクロワッサン,7,0,2023/9/30
カボチャサラダクロワッサン,3,0,2023/9/30
板チョコバタークロワッサン,8,0,2023/9/30
ソーセージクロワッサン,10,0,2023/9/30
パストラミクロワッサン,1,0,2023/9/30
生ハムクロワッサン,1,0,2023/9/30
レモンとピスタチオのクロワッサン,0,0,2023/9/30
ささみカツバーガー,6,0,2023/9/30
アラビアータバーガー,6,0,2023/9/30
照り焼きチキンバーガ,3,0,2023/9/30
明太マヨコロッケバー,4,0,2023/9/30
シーザーサラダバーガ,5,0,2023/9/30
ツナチェダーバーガー,0,0,2023/9/30
悪魔のカレーパン,17,0,2023/9/30
とうもろこしクロックムッシュ,10,0,2023/9/30
明太ペペロンチーノフランス,5,0,2023/9/30
明太チーズオムレツサンド,8,0,2023/9/30
トマトとリコッタのタルティーヌ,3,0,2023/9/30
チョリソーとキャベツのタルティーヌ,0,0,2023/9/30
シラスとキノコのタルティーヌ,2,0,2023/9/30
夏野菜とチーズのタルティーヌ,4,0,2023/9/30
あんバタートースト,0,0,2023/9/30
ベリーとクリームチーズのハニートースト,2,0,2023/9/30
カボチャのクリームパン,4,0,2023/9/30
きな粉とくるみのあんバター,10,0,2023/9/30
ボストック,0,0,2023/9/30
チョコマフィン,8,0,2023/9/30
レモンカスタードマフ,8,0,2023/9/30
ストロベリーマフィン,3,0,2023/9/30
シャインマスカットのフルーツパイ,0,0,2023/9/30
シナモンロール,1,0,2023/9/30
レモンアールグレイのクロッフィン,0,0,2023/9/30
シュガーラスク,1,0,2023/9/30
シナモンラスク,0,0,2023/9/30
チョコラスク,0,0,2023/9/30
ストロベリーラスク,0,0,2023/9/30
ホワイトラスク,0,0,2023/9/30
極上プリン カップtak,16,0,2023/9/30
ほうじ茶プリン カッ,6,0,2023/9/30
極上プリン　ビン　Ta,3,0,2023/9/30
フレンチトーストtake,6,0,2023/9/30
バスクチーズtake,7,0,2023/9/30
冷やしパンケーキ,0,0,2023/9/30
冷やしパンケーキ　8,0,0,2023/9/30






